id,likes,shares,comments,views,virality,norm_virality
6907228749016714497,3710,50,68,44800,44892.91659380297,0.00017661627816476451
6875468410612993286,55700,1817,936,838100,839728.6751695896,0.003336541956106091
6898699405898059010,936200,21100,27100,15300000,15326225.2482138,0.060928631907613634
6902819837345533186,12900,197,143,94900,95220.21929655282,0.0003766960234405702
6905635666588192002,8805,198,52,115300,115528.98041376549,0.0004574349371709315
6895497835681287426,343000,2846,2732,2800000,2807880.9885753295,0.011161070440297871
6895303013867539713,227,0,4,62200,62204.97977208133,0.0002454416076557354
6884590643327290625,4326,201,354,81200,81364.3877258641,0.0003216111867343028
6906514963569888513,734,1,54,8071,8090.8841749516405,3.0307199860168823e-05
6894206452450217217,3874,716,94,95800,96049.05510250866,0.00037999111870745905
6902751117805899009,2080,17,19,39300,39347.94364526136,0.00015457184670261863
6886417103046380801,3275,338,159,65900,66057.01602308391,0.0002607556497462855
6883211681988627714,6268,26,68,45700,45839.7041236981,0.00018038029883820657
6892769736589888770,57300,208,336,1200000,1201245.6851139546,0.004773778354205115
6906571896683285761,6629,92,1166,61500,61757.073037936294,0.00024366092280949273
6907334602017344774,14500,470,267,174400,174825.3230658459,0.0006931717340282545
6883094233935252737,23900,505,181,346500,347117.65429827844,0.0013781320616175236
6906818204966915330,2501,16,44,71400,71458.47570429166,0.0002822295340813292
6876318382703070465,6126,10,188,74700,74843.5806204152,0.0002956872576821783
6900948690186407170,10700,104,209,90700,90960.00822833099,0.00035975925354480513
6875323773755657474,1086,32,29,48000,48031.91119418289,0.00018909557282864936
6884935459110178049,720,0,15,11300,11315.995148164768,4.312885624453593e-05
6892805816492084481,2053,62,42,46800,46859.55582927071,0.00018443479130078223
6886765050355289346,1251,46,27,50400,50438.27037997985,0.00019866222367381862
6875370613523909890,389,0,19,22000,22009.585355261388,8.564197913842068e-05
6890189236130073857,4734,55,306,55100,55235.55782428094,0.0002177341786231972
6901321371113032962,11300,27,127,155600,155847.7495034286,0.0006177250504110566
6893611785295793410,11800,220,156,49200,49504.09130629659,0.00019494832880827238
6904536120755768578,321900,954,527,11200000,11206831.705503577,0.04455169202700235
6888873392234056962,458,3,8,943,953.7192958716498,1.9328969607661486e-06
6879952519586450690,1742,75,86,44100,44159.95655160775,0.0001737023437660559
6884933059758755073,274,2,3,3456,3462.3045832359358,1.1905954890434526e-05
6895846066961337601,7161,6,80,161600,161754.44995096762,0.0006412075550853935
6884933447480003842,368,1,13,5189,5197.863176967063,1.880579061967948e-05
6883604590525156609,29200,78,656,197300,197970.4506058155,0.0007851868227351668
6886215675350666497,1334,6,23,9315,9345.576729576369,3.529531869919115e-05
6899411430660001026,3997,2,23,34700,34784.028164396055,0.00013642767847120768
6898613799402753281,2405,15,48,96400,96456.6365566216,0.0003816114875557503
6885861410329332998,9522,75,273,64000,64234.95068954982,0.00025351190036510804
6879772200065436929,11500,33,212,47500,47760.548630209385,0.00018801675179590125
6893119957534510338,143,8,4,1084,1089.0734967965434,2.471007143285094e-06
6881624031561354498,6153,8,36,61800,61930.51711349358,0.00024435046197796484
6896541657471241474,831,10,37,6599,6621.426273003027,2.4465266219259948e-05
6884688821976354049,25000,1257,659,99400,100251.47817455482,0.00039669814834428126
6906870391466216709,1688,441,13,64300,64435.26179259264,0.000254308251298307
6901020148426099969,15200,228,126,62300,62672.70050167998,0.0002473010644398797
6898035916682710274,8606,445,147,50900,51188.97586800342,0.00020164670634534274
6901681280128208130,6025,177,217,18100,18281.778248430695,7.082181878177851e-05
6887645369895898369,26300,30,315,173100,173670.87870010865,0.0006885821589422211
6905029441760578818,2766,4,69,45700,45763.33719489709,0.00018007669672083805
6879842043880017154,7868,175,87,130100,130307.68696130555,0.0005161887285076593
6905761532039220482,461700,102700,11600,11100000,11133642.287997995,0.044260722330138356
6899136673347685634,86000,308,421,776800,778661.4566579387,0.003093764917235588
6894259747290123521,125000,1107,1164,1500000,1502902.444369862,0.005973036099233228
6906170881626754309,8204,93,297,86200,86414.19538835147,0.0003416870536403804
6902412854188674306,6454,19,107,63200,63345.29562956664,0.0002499750138596637
6897664007780568321,899,7,88,35900,35927.5525225387,0.00014097384029603677
6879055868676132097,86900,6076,694,654200,657407.2395062144,0.0026117102157423434
6882975789143379201,5865,1,257,34800,34942.19402729319,0.00013705647802652454
6875639469563759873,5805,33,110,47300,47435.472908669624,0.0001867243903128077
6896962911969758466,5480,22,26,44700,44819.07877492336,0.00017632273070245741
6906814891034823938,2600000,13700,0,19100000,19156166.34207535,0.0761548331409114
6879756807481363714,4673,82,12,246700,246814.95655169105,0.0009793716048105108
6905705430886944002,1472,114,39,49400,49459.19085362594,0.00019476982388846428
6884970166489271557,9247,27,60,99600,99800.04297438088,0.00039490343583221173
6902680579989359874,8990,440,380,246400,246715.8604661072,0.0009789776413255502
6897704483288124673,70100,729,490,582400,584038.0512792092,0.0023200258276825448
6891973965238111489,6130,31,111,55500,55641.74114083817,0.00021934898907691958
6881218787157216514,5898,689,31,171200,171478.80930691867,0.0006798674322975847
6906604842081357057,24000,240,264,70100,70666.9835102823,0.0002790829009803955
6895890526185213186,7508,18,17,58500,58658.78960526731,0.00023134347826727234
6904279792388984066,9099,38,124,103000,103205.05059901059,0.00040844028405596656
6903247940127640834,25700,518,414,197200,197877.51008487763,0.0007848173311320725
6895453128989101313,4029,0,95,44000,44090.46414804195,0.0001734260718091388
6905505804959452417,13000,349,52,198500,198848.73760467218,0.0007886785147109557
6902725059429911809,11200,57,213,124000,124259.93665251487,0.0004921454701510297
6903809474268646658,20700,110,86,102400,102854.82723901472,0.0004070479463606308
6884981528430988546,10600,313,195,109200,109503.9961384263,0.00043348218678769404
6908111363365768453,13400,860,469,89500,90008.51663748095,0.00035597653154490454
6906845094473649410,299500,377,2637,1800000,1806426.7844848009,0.007179718543827775
6879440891853982978,23000,224,186,66600,67136.20107426718,0.00026504602611359296
6902396851106925825,712,5,24,6458,6475.741394882364,2.388608570014728e-05
6877337975030598917,5449,19,131,63700,63826.860462200115,0.0002518895088528919
6907233534893640965,16800,198,150,139300,139700.65598816366,0.0005535311400685836
6876760427229957377,2961,17,38,83200,83267.5714126598,0.00032917742785626837
6886872042411494658,38700,915,408,202200,203232.07483710532,0.0008061047813659191
6900302214896618757,5328,56,106,53800,53930.58909818688,0.00021254618331472766
6884265104637005057,50500,457,578,198500,199684.12650849787,0.0007919996622811104
6880877914078842113,154,1,2,3854,3857.542583375982,1.3477251465941611e-05
6899884198279073025,218600,1197,2397,1900000,1904940.0677072932,0.00757136505685186
6903738407227297026,1525,0,93,10400,10439.180794087386,3.964301887204374e-05
6881838035051269377,258200,5762,3030,1300000,1306835.0259059821,0.005193556233704999
6908309278365404418,1546,18,38,12800,12838.915307422987,4.9183332864105e-05
6901815472178646274,61600,1348,972,345000,346646.2093301517,0.0013762577988601593
6877036154982616321,198,8,4,1896,1902.1961241695885,5.7036335592822206e-06
6902010787800370433,822200,30600,1960,12900000,12923868.668235056,0.05137789370448041
6889774570367192322,244200,362,829,1200000,1205138.0781600764,0.004789252837584071
6876835225989664002,153600,1975,1473,1500000,1503709.1673636572,0.005976243283454087
6888753654594145537,305300,34100,3502,3300000,3314242.6663781917,0.013174147042288914
6901670973137898753,15900,133,176,196900,197269.8449114399,0.0007824015153306078
6888474204623195397,15800,1153,81,269900,270490.13324847864,0.0010734939413647037
6907692740469902593,90600,286,843,623000,624986.9197304517,0.0024828209454230673
6881662658794294529,26000,133,448,252600,253199.5541463782,0.0010047540233354706
6889502513469410565,29700,13,226,326400,327028.7278660369,0.001298267116198788
6885802277555293441,8581,182,62,117800,118021.65764973046,0.00046734475151906705
6893192903749913858,447,10,75,26200,26217.878928844373,0.00010237234736859185
6898791307016146177,7070,63,222,97900,98077.77311583504,0.0003880564304079528
6886517104871279874,4662,80,64,59400,59518.78293113696,0.0002347624424544687
6901195423273291009,42600,162,742,132800,133770.39765594085,0.0005299549793603715
6905831259478461698,1242,32,104,62900,62941.590050047314,0.0002483700538244772
6892756720829893890,2380,106,73,57200,57278.860381403836,0.00022585747220730206
6904909762027195649,1188,1,8,31300,31325.167552101735,0.0001226767338926787
6888254914754006274,4896,198,257,43700,43866.94434016282,0.0001725374530312024
6903552918159379713,5626,119,48,126400,126545.88937537288,0.0005012334366014346
6894393861238557954,1338,61,13,10600,10642.224363183383,4.045023291696409e-05
6877530962742217985,116400,15000,347,2700000,2705796.4668616285,0.010755226216503145
6884265711980645634,171500,1762,1051,2400000,2403989.8426340083,0.009555372672698707
6893183413965147394,2566,9,96,31800,31862.72317384994,0.00012481382422128637
6885774617479302402,441,15,7,58900,58912.99813059836,0.00023235410220822904
6899811757322194177,5161,102,51,58300,58432.81525714469,0.00023044510129129406
6882598038947286274,10400,91,747,202400,202697.53482536293,0.000803979679807808
6894926988453186817,11600,96,27,103600,103860.80979680437,0.00041104730104695814
6895741298297359617,24300,1508,97,331900,332745.2582901176,0.0013209935865178299
6903050763124215042,7446,30,327,48800,48987.081184853756,0.00019289291856675265
6905530005711768833,165100,156,1969,1100000,1103575.6916806581,0.0043854843992788195
6904391934735944961,17200,57,80,215600,215970.88786705013,0.0008567488319958809
6890553472937200898,2105,8,41,45500,45548.32471726454,0.00017922189943496067
6881035542830550278,4851,25,122,71400,71515.23129193905,0.00028245516992727427
6886011511391718657,4851,61,22,148200,148314.70899637957,0.0005877769160016926
6908031436243225858,846100,18300,7471,5400000,5422053.494743883,0.02155389781335397
6886383962885737730,277,78,5,6893,6916.717696234187,2.563921812149437e-05
6882817271899770114,1816,7,66,23100,23144.36467747919,9.01533744554835e-05
6880986381309562118,26200,114,469,166600,167201.16026527676,0.0006628613365072723
6881841137934454017,2349,8,20,22700,22751.486591125733,8.859145988385774e-05
6889769067306061057,8516,380,70,50300,50565.77867517555,0.00019916914190414758
6883070138279677186,1833,28,87,27600,27651.27692336127,0.00010807092230148054
6878668790503116038,14700,121,1112,102900,103323.6923605244,0.00040891195275561765
6893935935684185346,6529,18,30,73600,73739.93258193754,0.0002912996269816622
6881719705028021509,8960,59,562,56800,57044.88906625382,0.00022492730272427703
6904976916437044482,46200,33,406,291200,292185.624008538,0.0011597458967008494
6880203069192211713,1859,3,55,30300,30343.385673988767,0.00011877359071710549
6891396863979769093,11500,34,388,101800,102076.01550620355,0.0004039517253285
6908543785303608581,305300,1688,1777,3600000,3606767.0307124527,0.01433709830650932
6895420478932946177,67300,1972,1578,430100,432056.07739920233,0.0017158107597694296
6899441890677116162,14600,33,344,167500,167835.25462171072,0.0006653822233917825
6906741890503183621,500800,22800,1810,21500000,21515532.376929473,0.08553465939653561
6899784988095499522,1829,44,371,63200,63279.40501816272,0.0002497130610817922
6893189880231283970,4929,29,505,80400,80550.89367062559,0.00031837708368060173
6899791521470778625,4171,35,31,28700,28795.73168156002,0.00011262078299742398
6900102046876208386,4220,29,44,38400,38496.50137223909,0.0001511868778297678
6889831681469975810,2925,22,120,51300,51375.06762502299,0.0002023865272644632
6878794517391150337,2598,8,66,50300,50360.55243294383,0.0001983532504880676
6878601415150062850,5858,74,98,102600,102744.78301478949,0.00040661045777750325
6893140398403816706,27700,142,517,351500,352142.26295844815,0.0013981077481107008
6891212276406160641,441200,41900,4398,7200000,7218857.242106917,0.02869721797510319
6878300825932860674,16600,398,76,251100,251535.37269821006,0.0009981379524880256
6904174259589958913,4634,63,1,92000,92108.9132824352,0.0003643268067063358
6880080548086172929,2223,36,12,21600,21654.550978485117,8.423051490619053e-05
6901344153343364354,4147,567,1756,18000,18364.87017699248,7.115215661051752e-05
6886472762878151937,1425,19,31,56800,56836.06539276499,0.0002240971094662362
6893282758790008065,6842,107,184,43700,43879.77423490997,0.00017258845918362997
6907292013293505794,63100,96,352,525900,527240.140843871,0.0020942217245057708
6902733196811635969,4568,21,91,82700,82805.86625612911,0.0003273418864075879
6903508885970193666,129200,6902,2629,340500,344924.9098722751,0.0013694146513322765
6906515542035746050,4012,24,93,316800,316895.3688114107,0.0012579812318069129
6895318771666308354,1791,3,36,44600,44640.35238030461,0.00017561219130159602
6905698143560633602,4597,286,207,64200,64376.40265699842,0.0002540742526489774
6894955763098193154,8691,46,151,78100,78300.86911143451,0.0003094319521815782
6906933953777700097,20100,299,53,254200,254682.44342048338,0.0010106493543447156
6893433380352822529,3186,14,24,91300,91370.27353350818,0.0003613902922324968
6903527132979318018,3755,6,55,33500,33582.76380733051,0.00013165196720390295
6893035754067430658,41000,292,195,785700,786619.7561620455,0.003125403698813351
6907818554905726214,2475,11,11,92400,92453.95717329346,0.0003656985530564163
6889446389349125377,1763,90,12,24200,24257.367640838544,9.457819632037532e-05
6904986469501259014,1754,15,14,66400,66440.40447750188,0.0002622798376161322
6900076260693724417,1567,19,44,107500,107540.08955643854,0.00042567453750852615
6903994055907118338,1339,31,26,28200,28236.589457682017,0.00011039787360791788
6892745555836013826,393,2,52,11400,11412.976729228543,4.3514413367481545e-05
6890707606579563781,32100,43,301,393800,394490.99097954016,0.001566468106408852
6904359798809054470,21300,731,603,135100,135752.2120113899,0.0005378338222573209
6884795858827644161,1086,6,36,48600,48626.64044460471,0.00019145996095481783
6883600153593367810,7700,171,129,52500,52706.99072231114,0.0002076816815787399
6902084818440408321,7001,16,35,56700,56849.5476736448,0.0002241507092257962
6886679044323020033,1869,3,5,21500,21539.2600037857,8.377216749610376e-05
6904338682598264069,27700,30,236,228100,228692.61361045632,0.000907324950911753
6892784023928704258,12600,534,173,54200,54592.86766160927,0.00021517911850407842
6882758194754522369,613,4,54,20400,20418.092500812796,7.931488692751741e-05
6882342986634595586,643,1,61,11900,11918.632906732344,4.5524685203221514e-05
6906249909863779585,12300,79,249,40300,40590.479422584445,0.00015951163541514374
6907808236133469445,14700,287,221,69100,69484.0574746799,0.00027438009500485263
6901321675988651265,29000,194,436,291100,291773.53737549885,0.001158107617195647
6895768030618438913,2264,48,60,81800,81862.25686339069,0.0003235905006428061
6895806487784869122,6274,636,173,1400000,1400286.8007090853,0.005565080362637806
6908408424610974977,7721,4,143,89900,90070.88379622599,0.0003562244765879557
6908292605101051137,619000,2146,6991,4000000,4013725.123119099,0.01595498893632447
6888428739861040386,40400,984,763,551800,552913.1121368419,0.002196286434532243
6897961707491085569,4165,59,134,70800,70909.95341737222,0.00028004884500102713
6900606242016840962,3500000,46600,23100,64500000,64583973.53187725,0.256756288073988
6899443808321277185,561,5,1090,9843,9949.9702731136,3.7698127904991554e-05
6899842091749215489,2685,116,48,67100,67185.18132194328,0.0002652407505465009
6898107264805244162,4435,21,64,27800,27900.813455520758,0.00010906297240371561
6896469887732960513,391,2,10,40500,40509.298887627425,0.00015918889646663524
6883565215552654593,9782,32,144,65300,65519.367291387774,0.00025861818925250577
6892015573861993730,1651,15,37,46900,46940.293803367895,0.00018475577081734527
6897251091910528257,1269,10,29,226500,226530.6737036905,0.0008987300061677012
6899519135198383361,11700,87,77,175100,175365.14640350794,0.0006953178398215907
6899462833088531714,5209,33,169,115600,115728.41685566683,0.00045822781082700673
6886115520425266433,3824,53,107,51000,51099.29883198935,0.00020129018895698278
6880225229415681282,17600,372,251,113600,114065.06143056473,0.0004516150238925825
6900932062853893378,3412,145,36,41200,41305.536291907214,0.00016235439448603663
6894377684403604738,69200,1486,373,1900000,1901780.6580859,0.007558804600830525
6906058362128010498,3435,246,30,71700,71828.31575157326,0.00028369985930201403
6875862825932180738,9773,12,105,60700,60911.28564978305,0.00024029843533070433
6900185373540961537,3118,41,406,31100,31208.068064413306,0.00012221119661151326
6900632361621392642,3077,8,42,40900,40968.25120034269,0.00016101349379036176
6903091992268459265,833,2,6,9373,9390.974346683683,3.547580013131971e-05
6878517470894836998,5845,14,112,117500,117632.16788446,0.0004657963074571406
6897028685413633281,5791,74,511,111900,112079.17946861261,0.000443720009938785
6886816932222356741,4909,8,886,59000,59178.731656061136,0.00023341054460093708
6878340953933876482,8283,43,119,63700,63889.09208945196,0.0002521369150809226
6896237474381614338,2809,46,20,37700,37769.46518194928,0.00014829649412256528
6876716527186382081,1714,17,141,23600,23651.03774399989,9.216768900530805e-05
6900951421374516481,11000,932,40,150100,150538.65425812296,0.0005966183674123727
6887366313526709510,20300,305,625,87600,88137.41464606264,0.00034853783346805385
6888847866157223169,18800,1295,219,87600,88295.41469462214,0.00034916597381676407
6877301356101782785,1957,69,46,45000,45059.52496448559,0.00017727864150586948
6882770369573358853,19700,204,539,83100,83594.89100162456,0.00033047870999273923
6879871451772620033,14700,63,143,90200,90526.67109043858,0.00035803649115715737
6903551807230872833,6144,61,25,25000,25141.360732405767,9.809257327061625e-05
6876320502848261378,801,15,34,8223,8245.68432054639,3.092261876871214e-05
6884257667573894401,13700,228,75,65900,66237.66701154971,0.00026147384050587266
6884153193425636610,6111,16,207,62800,62946.27597950012,0.0002483886830678689
6891310470830034182,8080,142,178,90800,91012.43522001605,0.00035996768075187955
6895488257920945414,9007,14,107,96100,96296.27577427961,0.00038097396194320716
6878841351916637441,4304,208,47,49300,49438.93604701594,0.0001946892994746868
6880924761333959938,6691,8,112,66200,66348.0797224344,0.00026191279403373204
6899164169870773505,68100,857,1342,1200000,1201699.9405157794,0.004775584278627969
6879439535726529794,33800,3606,473,429100,430645.94881884905,0.0017102046940354954
6896407441815260418,20800,1313,252,181200,181943.16380229735,0.0007214692124342479
6889452355486485762,2247,1,60,42000,42051.28620752628,0.0001653191759295763
6884239332329164034,5013,18,51,47000,47110.80739864883,0.00018543365965457094
6879123852467768581,3372,23,56,226700,226778.8754353487,0.0008997167496762992
6876145412105899265,1805,34,57,64400,64449.46374557254,0.00025436471216511364
6898295232723471617,5398,95,40,72500,72635.11796048823,0.0002869073584481752
6895082457968725249,1200000,14400,4454,24800000,24828134.29451494,0.098704142207591
6896035426092453122,8860,71,25,113800,113999.05846683361,0.00045135262445010157
6900621838653869313,1723,21,79,72300,72346.75665560749,0.0002857609577207469
6898020845189434625,81900,541,2968,632900,634950.9953399135,0.0025224338315263605
6875317312082201857,1783,5,4,202900,202937.87009783823,0.0008049351496525097
6883066746559794434,15900,26,77,182800,183137.08615499726,0.0007262157350448117
6903969832719453445,10600,157,161,141500,141765.79036886548,0.0005617412276087717
6893504738076167426,886,85,87,36700,36744.831336693416,0.0001442229899260338
6905077243240877313,6403,48,171,34500,34656.35179714542,0.0001359200920585575
6903324940011916546,46500,1878,1035,125400,126863.25135704331,0.0005024951315670457
6898363189080214786,17600,12,454,99900,100301.2676248816,0.0003968960898194611
6895808596605537537,38200,139,525,317500,318356.5973890673,0.001263790449188064
6907268705248464129,3414,66,38,33700,33787.893512602684,0.00013246747483048422
6887853904697101570,8093,83,65,76900,77089.57916957546,0.0003046163834940661
6907966191059356929,153400,127,509,795900,799103.8934951334,0.00317503526822897
6886026780914846978,3657,54,14,58200,58288.062763673406,0.00022986962753318642
6888423769107385601,5875,274,203,59400,59599.42962779753,0.00023508305909113777
6883594464900779270,12100,168,77,95700,95991.61983043115,0.00037976278072807265
6877179236386376961,25900,2267,579,620300,621391.2165000513,0.0024685259733544253
6898328700476083457,31200,79,170,223500,224169.41395162832,0.0008893426513056096
6903579807641095430,5753,69,568,89100,89282.2096124206,0.0003530890466855548
6886619249889070337,1842,18,87,25900,25949.200272416125,0.00010130419639978834
6896810007157935362,3836,11,404,40100,40215.76920229382,0.00015802194847780083
6899171884571626753,103900,1548,758,351700,354236.28743250173,0.0014064326902568066
6876512902929599745,199600,113,387,1000000,1004133.1713198216,0.003990143638402057
6878650367668653314,1723,2,68,26900,26941.509431216142,0.00010524919152301612
6884999522360052993,41900,5077,152,684000,686015.9820142403,0.0027254462915156674
6905772202600189189,5473,24,41,346100,346220.6869010784,0.001374566104399183
6890594872328195333,20000,210,466,111100,111596.04915078757,0.00044179929124864607
6883894825855274242,19600,384,140,72700,73198.98454737605,0.00028914904987639256
6900735754700459270,9504,11,112,78300,78506.17511579584,0.0003102481606976361
6879705053884697858,3347,873,0,55100,55365.64584832216,0.00021825135274769437
6908113835845012742,395200,21400,1890,2900000,2913067.4105231925,0.01157924648748452
6897005299798936834,2409,37,76,36000,36064.11565937405,0.00014151675668862518
6895703273773321474,13600,195,94,207900,208229.81202199394,0.0008259736384118443
6906841661821717762,779,44,11,25800,25826.79859429052,0.00010081757988617647
6899555224801791234,3434,39,82,33800,33886.008996159995,0.00013285753986285256
6882508731343506694,20500,1570,243,142300,143094.35210677297,0.0005670230186015005
6907990866284088578,14800,231,125,132300,132665.12744936335,0.0005255608996160406
6888750527845485825,3123,48,150,128500,128587.58387350458,0.0005093503372334823
6903317821770484994,48100,388,460,511200,512309.3244014575,0.0020348632095421883
6904645678018923777,732,10,1206,23200,23321.635899985,9.085812871686687e-05
6886856236667636993,9025,1,67,67000,67190.24089249695,0.0002652608652264702
6899676363188473093,114600,2564,5892,478400,481828.92366040044,0.0019136862243142089
6903061991225691394,36400,518,370,1700000,1700892.1019272935,0.006760157961998394
6876374255974501633,365600,2491,2765,5100000,5108264.901473217,0.020306409105626786
6902810912416189701,7367,598,387,133900,134219.05250967477,0.0005317386384088612
6889412761927847169,1587,113,30,44800,44860.532768876576,0.00017648753398229563
6904256013650758914,22100,228,179,253000,253518.12877980736,0.0010060205392837683
6908266212787047686,11900,11,91,219700,219953.26233705328,0.0008725810428786542
6886527144478936321,3808,212,183,53000,53141.49314391105,0.00020940907663404218
6883063619202993409,1339,128,43,16900,16959.987014314196,6.55669444049053e-05
6899477494659960066,3218,47,172,52700,52791.20202686751,0.00020801646956577943
6884691950478298370,8133,385,80,118900,119159.95724003507,0.00047187014191045907
6888218363923942657,340300,1299,864,4400000,4407314.440333777,0.017519731056455778
6897026408372096261,31900,45900,518,2800000,2811071.0034938394,0.011173752569838795
6884860645364354306,5846,67,56,45800,45939.318811596204,0.0001807763240632837
6882041935029226754,64500,2497,947,547700,549662.9521470374,0.0021833651940138202
6901798489315921158,4411,34,35,72500,72600.7507665689,0.0002867707292422383
6900949746962238721,36300,36,1099,260800,261644.23999746636,0.0010383264681771767
6880161721349311746,4751,29,32,58600,58706.30068101566,0.00023153236190345
6886231790332218629,9233,48,156,90200,90412.81714305902,0.0003575838567506426
6894262046720986369,3161,342,81,39700,39848.83880069057,0.00015656319075894705
6877167604100910337,6940,238,81,136600,136802.46582941775,0.0005420091804645167
6903949620775324930,4967,101,46,47200,47328.19643044115,0.00018629790509930815
6902115301094116610,16700,539,504,94200,94706.3477780945,0.00037465309093681783
6902424258006273281,86000,1583,2875,590600,592962.1575547437,0.0023555042422713245
6887617610196733186,20500,58,61,69300,69736.82622677053,0.00027538499502563626
6896760414055435521,135700,11500,4146,1100000,1105728.2602592688,0.004394042087646124
6901972269636078850,3169,9,42,37900,37970.35508512732,0.00014909514611656828
6880508779109125378,1116,23,123,12200,12238.629212570066,4.6796853110557265e-05
6893922616696999169,2212,8,147,35200,35259.68788044457,0.000138318697256519
6882071585621069058,1018,2,13,10900,10922.356626736397,4.1563918509579e-05
6889466576051932421,11700,12,94,128900,129149.6658781136,0.0005115849339288491
6878510237784083713,1915,3,10,9667,9707.631906924793,3.673469461980255e-05
6882670049648200962,34700,717,348,146100,147000.4784674471,0.0005825520997421054
6906885936366259457,141200,57,1432,1000000,1003018.9796747824,0.003985714090849219
6901655785407909121,112600,1017,1179,540800,543430.2986785828,0.002158586840090779
6899086619228376321,1466,17,23,102800,102835.75742423849,0.00040697213296555536
6896614154682125570,84500,799,293,369700,371630.7386620954,0.0014755855592628255
6904657340679654661,5046,40,59,45400,45517.14651848962,0.00017909794830438074
6885161134748404998,3329,12,36,105700,105773.77944218188,0.0004186524469382075
6899843622355750145,21400,138,180,128200,128683.58420828919,0.0005097319933425637
6875394675985992966,5858,10,81,196400,196528.84462505774,0.0007794556163734491
6899727630472383746,507,0,23,7037,7049.340284003409,2.616646858304621e-05
6888453982440770821,7042,354,240,61200,61444.53660872287,0.00024241841216838468
6886917791429954817,10500,605,132,49300,49662.50179486756,0.00019557810089022748
6885674156655021314,124,1,5,1418,1421.1900282287559,3.7913598632255255e-06
6891793639643647238,5688,234,88,52100,52276.61277648135,0.00020597068366807214
6907213826681261314,74700,1666,183,748900,750817.1540078865,0.002983067926091247
6898350532415540482,5483,206,100,236000,236167.13859621857,0.0009370404527347276
6897534534636604674,247,5,0,51900,51906.17179427841,0.00020449796938817823
6888353150521134338,1795,18,78,87900,87947.46157512859,0.00034778266162283663
6877182502390353153,44200,257,416,419500,420496.2990726057,0.0016698540448488847
6899510560556158209,3564,18,71,28300,28382.963183929147,0.00011097979269139374
6897940245858258177,1176,6,35,80600,80628.39087552973,0.00031868517929042184
6904344469747911942,12400,23,131,82300,82569.64429218874,0.00032640276931138873
6880983457019809026,114100,302,577,6600000,6602447.169903293,0.026246636211157328
6887890425844141313,4449,29,201,120600,120714.7711070029,0.00047805141421689674
6875453919879908614,23400,2960,331,495800,496975.35475802026,0.0019739019305631297
6896488817528753409,1933,5,28,49400,49443.01010530564,0.0001947054961810682
6902015702576762113,4710,38,52,40200,40309.2300452915,0.00015839350865798143
6894047232274812165,20900,131,230,75900,76376.12604164441,0.00030178000021030885
6876860979787959554,36500,15000,315,865000,869162.8243977627,0.003453559494573559
6895338661622123777,3697,41,37,92000,92087.93246102126,0.00036424339596944467
6885766692627107077,5200000,31600,32000,44600000,44716053.09459867,0.17776996759245198
6889428056704961793,802,0,33,45300,45319.22760585847,0.00017831110769306495
6896522195581897989,488200,21000,2009,6200000,6214885.562096295,0.024705857675365282
6905816780938235138,12700,142,980,297500,297876.185659057,0.0011823691263270599
6898757137154051330,1657,45,143,40500,40556.37647528145,0.0001593760567402873
6899845326161595649,4775,80,265,69400,69538.49515287238,0.0002745965158381027
6906969301446593793,179100,1013,394,607700,611618.7754751329,0.002429674944072427
6903585019017645314,5606,425,30,81000,81213.08924524923,0.0003210096889421236
6907635850985704709,6217,120,228,123500,123673.76577551725,0.0004898151064426768
6908110392422092033,21600,711,73,346900,347507.9190129409,0.0013796835865454735
6876787355181665537,20600,240,87,558900,559382.2572909024,0.002222004977849009
6902420063882628357,692300,48200,10700,3500000,3525952.2951314435,0.014015813619247579
6893676462788840709,8082,354,568,137200,137494.16785659388,0.0005447590907114769
6882870430625975557,25800,23,217,197700,198250.60437202203,0.0007863005938130989
6900344945777872133,988,45,14,65200,65231.55040072496,0.0002574739528822394
6888010128486845698,1236,4,0,13700,13726.13264022582,5.271052801302704e-05
6905763253192789253,2243,42,36,396700,396758.39371523453,0.0015754823260755578
6888373722546294022,24200,294,428,151900,152497.4733935208,0.000604405791188421
6901122865928670466,34300,168,183,346600,347353.9322036601,0.0013790714011128722
6897348095844027649,109700,3746,813,888300,891456.2620771803,0.0035421886301059153
6898706823541542146,4625,18,131,51500,51609.81542765059,0.0002033197837282796
6884749597864987905,30500,697,444,143000,143818.5430375477,0.00056990209077861
6888423046529518853,3810,305,706,56800,57007.84479873574,0.00022478003062323236
6888031153173892353,330000,3712,3767,1100000,1107901.0134438593,0.004402680021339644
6906136469144964357,7657,88,515,183900,184120.77803145937,0.0007301264715536782
6876262384093236485,4271,389,17,86100,86276.57700030167,0.0003411399420220825
6877458289978821889,607600,29200,7523,7400000,7419653.662632614,0.029495498322221415
6904739327385799942,5057,388,155,52300,52504.34453525987,0.00020687604735419572
6906559972839034117,9902,100,151,57000,57237.79323452173,0.00022569420686530852
6883532351960288518,4911,38,29,74400,74511.34103729021,0.00029436641576154515
6907464609116982529,25200,194,984,439700,440343.4284653338,0.0017487577090648497
6904294597862755585,4075,9,22,358500,358587.11590596405,0.0014237297160451863
6896976403208604934,14400,99,77,306300,306622.96962614846,0.0012171425835587055
6897916296025885954,22400,341,200,263400,263951.6127069859,0.001047499591296922
6906139639753559298,2883,250,73,95400,95521.67641094468,0.0003778944874833453
6892654388314164482,3903,3,65,41600,41685.972546306664,0.0001638668456762683
6905763366166367489,7748,35,215,146000,146184.67688973842,0.0005793088229699005
6906776161221758210,113500,1175,415,1000000,1002618.2234280058,0.003984120856094591
6884902907439779074,11100,167,191,122000,122280.85429642553,0.00048427748851042886
6898598426590678273,3376,9,13,52400,52472.0689714542,0.0002067477335714561
6887590237191572738,41200,473,790,423900,424916.27527649776,0.0016874259723217936
6896520019082005761,6013,57,102,27400,27544.450564451938,0.0001076462265691151
6906822328580181250,4436,37,98,50600,50707.39468600166,0.0001997321463540466
6886119631011007745,73300,747,772,295700,297431.8564006927,0.0011806026639883727
6879933206460648706,10300,173,532,66900,67195.41051189062,0.00026528141741337293
6908295874653342978,25200,973,569,261000,261783.57280180787,0.0010388803955784893
6908179105494174982,24700,1133,640,55300,56115.681049780316,0.0002212331706476518
6892150387453725953,24500,454,231,199900,200522.70312322734,0.0007953334828210329
6899497158769200385,1051,25,218,35200,35245.98113196513,0.00013826420511016803
6904496575930731778,16100,16,318,154100,154459.7776429333,0.0006122070702813026
6897593866283650306,22400,49,195,215500,215985.17740325796,0.000856805641055994
6893496095779933442,90600,5724,1472,1100000,1103270.5687076272,0.004384271361356195
6887618500307864833,33000,115,226,126000,126719.14111520279,0.0005019222111256426
6888741138941955330,2137,115,216,47400,47488.317910815975,0.0001869344793499848
6889092649895087362,13200,120,58,83100,83401.57736255942,0.00032971017797164245
6901832410091064582,9048,180,52,80500,80729.87174912253,0.00031908862366849107
6905034791188434177,6447,719,147,81000,81306.84132956939,0.00032138240697274494
6877816601308073218,17400,43,66,251700,252070.59331376216,0.0010002657598346364
6878231837710372098,3450,3,14,29200,29272.30979907782,0.00011451545295262057
6899978363759267073,6289,23,66,86900,87039.28146578786,0.00034417212747570226
6907101598074391810,4778,20,209,41700,41820.14490707217,0.00016440025736978928
6906244949176569093,5415,10,269,82200,82336.08236071159,0.0003254742273620599
6884703655182880002,71800,1179,1179,339100,340934.1310102714,0.0013535490281957093
6907108578482457861,15000,763,689,60700,61238.300509145025,0.00024159850599312374
6878457763668823298,1415,9,46,28600,28634.899860372232,0.00011198138473669148
6876674985746795778,2485,43,23,26100,26162.433567126103,0.00010215192041833707
6875872124968439046,3932,13,71,66100,66189.34440482206,0.0002612817305709883
6901420903322635525,5804,26,721,65500,65686.78021352881,0.00025928375114473936
6904429617021570306,14000,111,159,75100,75424.61833396716,0.00029799721413682376
6889856262431837441,6643,178,138,19300,19487.77747403498,7.561635385326646e-05
6878254482698816770,1055,7,4,22200,22223.46266442169,8.649226348188759e-05
6897013361804938497,102300,2086,329,1300000,1302588.0866566186,0.005176672226862168
6890954152281918721,19900,833,220,140500,141113.52550116234,0.0005591481025737742
6885248860281654529,5186,5,20,65200,65308.715646086224,0.0002577807287634587
6890352437425638658,13100,190,110,71000,71319.86167276623,0.00028167846421209606
6904653648349957377,250,1,1,10600,10605.415482741697,4.0303896613861204e-05
6877726677334510849,3504,131,122,51200,51311.696875228474,0.00020213459237433584
6903134814715661570,11200,447,370,139500,139861.685965767,0.000554171326114137
6906757897628192005,360100,4682,1225,4200000,4208514.524855485,0.01672938795611762
6875651291343883522,104300,619,734,2600000,2602332.3868487496,0.010343897461285724
6900197975818095873,6270,75,226,52700,52864.50279747803,0.00020830788195477424
6880196605513927938,2500000,26000,12000,25100000,25157944.584557716,0.10001532630205455
6880122437594270978,102500,1634,1243,1200000,1202569.1494114469,0.004779039879963566
6906048081628859650,712,11,4,31900,31917.365693337724,0.00012503105941556885
6897549344015371521,1222,7,25,9282,9310.689878748168,3.515662356052241e-05
6892133738705177857,1689,11,46,50500,50540.94465655191,0.00019907041250969267
6882317577692138754,3380,55,103,24000,24090.341855357423,9.391417351726713e-05
6898628429298568450,2488,217,39,67800,67903.2104850609,0.00026809532618123533
6902451462962547969,678,39,329,27700,27751.14429336525,0.00010846795208211031
6905109455466220805,6063,89,838,76500,76716.43869079843,0.0003031329371749428
6891275439826930946,62200,352,3735,493900,495572.58883385384,0.0019683251355887103
6886066384246443265,810,9,8,50500,50519.26032322286,0.00019898420491151127
6890329452253908230,116400,9077,713,3500000,3504489.3534415434,0.013930486179159079
6893087415263644930,6103,52,438,35800,35974.25356455967,0.00014115950358593846
6905053286374706433,2079,43,101,64800,64860.90099943494,0.0002560004100175493
6903954146630569217,5047,44,61,107600,107718.24426270972,0.0004263828041219975
6880592183720676614,8146,13,100,54900,55077.86934788122,0.00021710727695160688
6903908757386841346,3725,13,26,32000,32081.22243777425,0.00012568248347225272
6875378565614013697,6127,125,111,179000,179162.92723051604,0.0007104161856433229
6885153736222706949,11100,59,145,148300,148552.45907594942,0.00058872210822947
6876805952117558529,17100,370,241,119000,119453.53769959799,0.000473037291755827
6904973629524692230,46500,2044,124,427300,428721.88455749047,0.001702555440715073
6902038249573731586,7575,84,93,67200,67381.65677541438,0.0002660218525840098
6879724138114665730,7996,5,29,98700,98866.8510603142,0.0003911934654894201
6903923265945849089,41500,86,368,382100,382998.3796347266,0.0015207784185667396
6886654544126758146,2171,2,12,14000,14045.804383071365,5.3981405597271484e-05
6879936527829404933,8971,67,271,61900,62121.72253015679,0.00024511061261205076
6904405263386758402,428,0,4,8916,8925.082464844641,3.362361406057033e-05
6875621663564680450,30400,32,60,201400,202032.93563885713,0.0008013375188175405
6898499724245093633,498,8,329,31700,31740.46314396518,0.0001243277708402571
6904638377530772741,103000,607,0,791000,793239.5783625079,0.0031517212693667053
6898332186299337986,2231,2,18,6703,6750.548641590831,2.497860131232157e-05
6876643374548438274,2408,87,148,19400,19481.631905348317,7.559192171104209e-05
6886459209051852038,4937,410,25,95000,95195.61050527527,0.00037659818945333194
6902938842874121474,13500,49,564,143700,144035.46969081167,0.0005707644980048613
6881414725075242246,4286,9,67,52300,52395.319518638964,0.00020644261070286072
6898056960432704770,12800,368,289,95900,96269.47317261146,0.0003808674063078661
6884030480736324869,15800,172,233,163400,163781.5551038946,0.0006492664547454928
6898178733824281861,15400,5,26,176500,176817.71732907664,0.0007010926380955889
6890351133366209793,1386,68,75,43900,43950.15529072919,0.00017286826404032423
6884031629522717953,1707,53,39,29200,29250.199377222085,0.00011442755140941717
6895916039683525890,2036,20,16,40800,40847.463862388526,0.00016053329520008262
6882850172854979845,7076,69,117,65200,65370.159249470584,0.0002580250021469655
6878165800902085890,288,9,16,4100,4109.298334365659,1.4478124229325004e-05
6882419822806699266,26900,112,478,90300,90915.77554047211,0.00035958340337115404
6901276149175815426,2322,84,45,94300,94370.27906268512,0.00037331702603043054
6893247155738299650,13800,302,85,201300,201657.30072576797,0.0007998441556986887
6889769258981575938,3230,46,114,41900,41986.19837863404,0.00016506041467026082
6904227603067047170,2008,14,678,99700,99802.8624745815,0.0003949146449543314
6881909763723037954,16800,226,121,384900,385304.4737033839,0.001529946458359458
6901787858395286786,21600,516,376,224000,224590.08061030172,0.0008910150413085175
6895156886409137410,2083,2,19,88900,88944.61434907242,0.00035174691288005416
6903653180282817794,32000,127,1600,161400,162220.42460451167,0.0006430600702209003
6886068485345070337,8639,496,459,102500,102828.1951016692,0.00040694206841824013
6875749962681044230,5494,20,213,119700,119835.1058570702,0.00047455424290664296
6896576430491143426,689,3,36,14900,14917.859010030139,5.744832033854105e-05
6881317813173095681,8819,963,341,125200,125627.20937741999,0.0004975811594057734
6896885048063167745,6199,294,288,50700,50917.924264068,0.00020056912155618149
6903854177072499969,2497,27,28,45500,45559.49491666468,0.00017926630735135268
6875342937002085633,49400,37,123,376400,377427.3380727117,0.001498630349491145
6890991934324755713,1105,39,85,6792,6830.730616819487,2.5297370416126213e-05
6891273557981023489,3119,11,9,60900,60966.92892789063,0.00024051964911153876
6883896778995846402,1325,8,117,57400,57438.985092065835,0.00022649405930021344
6880162735208877314,11400,14,86,69000,69243.3017613167,0.00027342295366771576
6905356954621824257,5887,28,29,52700,52829.00221670386,0.00020816674688937261
6882404595394563330,40600,2214,696,605800,607189.4160008372,0.0024120657127455194
6881502944353717506,51700,57,588,232200,233319.07200924348,0.0009257177629292321
6907253227490725122,27900,934,535,245100,245926.92396775266,0.0009758411685731383
6893253061305732357,17400,1245,236,124400,125057.00908374759,0.0004953142878790399
6900492821862599938,26400,2421,977,352200,353370.6967317743,0.0014029914733106582
6906880148352552193,4620,139,14,52100,52226.931954057734,0.00020577317405079106
6893028172024139009,3337,56,48,81700,81784.9274375284,0.0003232830720504129
6884266018936573189,7191,98,181,83500,83684.60371057529,0.00033083536920137756
6876645435625262338,3965,13,75,26200,26290.36436398756,0.00010266051833386915
6876603307708665093,8135,35,250,58000,58195.606953152914,0.0002295020629305796
6880750408302693637,1590,19,34,70600,70639.69306194036,0.0002789744058761582
6882436135214238981,21300,213,513,72100,72627.3320829015,0.00028687640514210393
6882769301615496450,558800,2853,4522,4100000,4112442.358683446,0.016347446276283737
6886265289206435074,206,0,7,4620,4624.810919595148,1.652758090989439e-05
6886060490687106306,142,69,12,1853,1872.5340078708814,5.58570972163013e-06
6907997809094495494,7742,212,92,68200,68413.91141082095,0.0002701256537698546
6880741941860928773,26600,81,319,161100,161688.87630827667,0.0006409468624390201
6904778229526039813,5594,58,183,83500,83643.13847088946,0.0003306705212133353
6905010590108978437,4593,17,93,40200,40305.645591227054,0.0001583792584077663
6884340073693859074,11700,110,43,60400,60667.40096349798,0.00023932885454079403
6882547868792524034,499,1,12,28100,28111.450475570167,0.00010990037474904014
6880671806965959938,23500,1146,1238,192700,193545.91004120905,0.0007675967493239692
6883082488101555462,1693,28,168,61500,61555.43357693055,0.00024285929089542282
6880865616215952641,12000,220,64,143000,143300.20678459466,0.0005678414084076393
6899861794760690945,4774,87,255,113400,113539.19103213576,0.00044952438899432067
6878531534303857922,1744,1,12,11300,11336.862677014558,4.321181657883919e-05
6907614572048305409,29900,107,462,394000,394674.49405305024,0.001567197635833905
6903940573091187973,15000,504,276,79500,79943.99333266704,0.00031596430853658605
6905849998680820993,12700,725,242,102100,102544.05665845964,0.0004058124559755425
6881237651702254850,1396,33,10,41200,41236.81944762318,0.0001620812058198029
6891048135716506886,5979,860,94,152600,152924.5702057153,0.0006061037447206559
6887527163617201410,67200,535,739,1000000,1001556.5696652485,0.003979900176602225
6888322901305478401,2973,130,118,44400,44500.2860001246,0.00017505534751774288
6878665609870052610,2802,24,50,58900,58966.94739473071,0.0002325685813168984
6882038951134137601,60300,168,503,496800,498112.3393993424,0.001978422093282
6901322841849974017,590400,34400,2976,6700000,6720084.219729579,0.026714310608556627
6885779594901867777,8013,280,98,147600,147835.33288069366,0.0005858711224072248
6893823598432226561,23700,452,155,183300,183899.34065498828,0.0007292461316288353
6878282456382835973,4703,14,36,89600,89702.27678582245,0.0003547590533924387
6908336148037274881,88900,127,338,598200,600072.5498954466,0.0023837721090541227
6902512873109605634,8232,74,35,212700,212887.78416631013,0.0008444917355497157
6902048025334615297,7222,1283,287,76400,76862.26750917373,0.0003037126899387007
6904384164641000705,1112,291,107,69700,69797.73951262221,0.00027562716009434855
6904726306047446274,12600,74,252,42300,42595.7324548724,0.0001674836604267641
6900478499933408513,21700,1103,78,292500,293198.998993409,0.0011637746405029842
6897200586106752258,30700,1059,827,161200,162137.61626696345,0.0006427308598282587
6904650067999821057,759200,51500,4100,7900000,7927492.203411488,0.03151444629724814
6904978624085069057,16000,1809,139,154200,154947.51727615565,0.0006141461136302463
6889624721005006085,1993,6,34,86500,86544.98039918573,0.0003422069986850844
6898642858484567297,16400,166,106,251500,251881.4480837524,0.0009995137996180517
6886843424310414594,379,97,192,20200,20246.28772475092,7.863186490993274e-05
6892440916234210566,9085,22,118,61700,61900.62869943322,0.00024423163847758344
6901458108372077826,7986,65,165,58500,58691.98608110037,0.0002314754532007982
6899001802130197761,1763,25,68,31300,31347.524700781687,0.00012276561631579202
6897397404421688578,1374,8,29,6903,6935.364830681419,2.571335112107835e-05
6906797341341224193,5246,265,30,52800,52969.57548110839,0.0002087256058272491
6904037272048389378,63600,1446,2702,222000,223858.99414483045,0.0008881085554463597
6904096377152785665,132900,837,2937,611100,614256.1990863236,0.0024401602078551535
6887946160837790982,9129,59,231,54500,54719.675422126784,0.0002156832517093327
6905060523184901381,6319,5,91,52600,52737.990063635625,0.00020780492164889733
6881353341465611525,9073,14,130,81300,81499.61462789187,0.0003221487908310683
6875436892226178305,34100,245,204,155500,156269.073154465,0.0006194000523334908
6899867641570135302,3200,27,36,71000,71074.53690111621,0.0002807031582611396
6902096916776209665,39200,103,250,230700,231545.05770937775,0.0009186650438250673
6889414816922930433,26700,340,356,188400,189052.66464771584,0.0007497335350145982
6880501583231061249,307,0,5,977,983.6992803093598,2.0520845056480618e-06
6907309069904776454,8839,43,436,74000,74227.89166390056,0.00029323954276456874
6893846505656995073,2906,82,49,436400,436482.0936362666,0.0017334066998206735
6877789463221947650,8348,4447,26,634300,635477.8251603164,0.00252452828067442
6893481053441281282,3644,7,19,47700,47777.60673186321,0.0001880845674834207
6886450016785894658,12200,1926,195,285700,286401.2494259575,0.0011367497071395258
6876369534018669825,7045,88,232,46800,46983.779671535136,0.00018492865195658272
6904271117783928065,6834,5,76,32800,32947.20300284741,0.00012912525035163426
6900256765527477506,2384,28,60,34300,34360.18552499222,0.00013474266213266446
6899736406495677697,1397,61,297,44600,44668.02181084222,0.0001757221930763104
6904736629454359813,12400,66,702,62400,62728.809949068935,0.00024752413150960637
6905378500392324354,19600,68,142,348600,349027.73056479124,0.001385725704676808
6889818292337249538,1535,159,96,47300,47375.58431754993,0.00018648629899035141
6883508337380478209,2520,7,43,30300,30356.74260708956,0.00011882669214771974
6889521293306236161,6276,320,50,129900,130104.76308863693,0.0005153819903243372
6892449418851716354,937,6,26,44600,44622.73318813991,0.00017554214495913453
6896543335259933958,28800,283,181,337000,337667.49034145597,0.0013405622675742531
6906565635371764993,16700,13,174,322100,322458.8766022209,0.0012800993498431582
6905462755919269121,145200,1219,1444,1500000,1503364.3175391776,0.005974872308628597
6890631109583867137,58000,1417,725,186800,188366.93557131864,0.0007470073706551825
6906224943332068610,17100,84,321,345200,345595.8192412943,0.0013720818988986593
6890568657986931970,14400,769,295,246900,247393.29117718455,0.0009816708149477272
6908298047470472450,22800,800,297,153100,153771.92728170875,0.0006094724726042815
6892735023372389634,1806,2,7,49000,49037.92124116861,0.00019309503680021655
6891327911140314370,4239,829,206,80500,80791.7459785011,0.0003193346090360424
6878404258367163654,136200,1284,934,1100000,1103151.1433770112,0.0043837965775222545
6899499316600147201,29500,2232,841,190100,191279.4743964266,0.0007585863743954655
6906112097554271490,2190,70,74,35400,35466.93153681825,0.00013914260904496076
6903990740993477894,7940,117,91,113300,113496.39291441964,0.0004493542420555606
6891017445188848898,4074,23,78,37500,37595.10934798931,0.00014760333019418818
6907570846215294210,7216,220,181,71600,71812.6903097404,0.0002836377392547664
6896759523105672449,1778,2,55,28600,28641.506314678754,0.00011200764916223863
6882348124120108289,1401,1,5,12300,12329.255394690188,4.7157143896276685e-05
6907659902789897474,57000,115,490,236000,237231.87613893647,0.0009412733920120583
6895042572994104581,7281,226,175,125200,125414.85368923249,0.0004967369243739186
6887391026848320774,8851,115,334,88800,89035.57838683392,0.00035210854683473034
6879844969687878914,1016,19,31,56700,56727.71712739089,0.00022366636328726523
6901592880129805570,13100,4285,1191,311800,313139.086410439,0.0012430478659079028
6885582410579184897,3355,47,28,43500,43581.528610896574,0.00017140276264760313
6895089837150440710,16400,25,520,95000,95385.42771166806,0.00037735282115947263
6878834531911224577,1650,26,37,30100,30142.759780927918,0.00011797598831396393
6906640842543418630,3181,3,16,33700,33766.992322024125,0.00013238438067160154
6895072166828576001,2940,20,52,47700,47769.03321879508,0.0001880504828768817
6886981950180003073,4124,130,62,69900,70018.93017094804,0.0002765065191737852
6898523009406045445,13300,101,569,64400,64743.57422663442,0.00025553396914837316
6877178763474423041,1868,123,263,12100,12188.70552249104,4.659837795576432e-05
6880848041792802053,22000,337,900,78100,78703.16098262285,0.0003110312919194794
6901216725325384961,1335,1,32,12800,12830.246325348815,4.9148868713791885e-05
6893175582482255109,2395,269,38,85900,86012.97946729689,0.0003400919914182039
6880410980434660610,4100000,20000,12500,50500000,50589289.921088934,0.20111943527859613
6878259877353966850,10600,162,101,145100,145361.7248045435,0.0005760371188503194
6907916640386813185,1579,8,13,55600,55635.16363810517,0.00021932283975039713
6892345024227331330,12100,270,161,165800,166121.94947478944,0.0006585708578115443
6886946250336324870,7268,480,100,100500,100765.50664613528,0.00039874170482625247
6885675789090704641,18900,1708,740,170100,170935.92479133888,0.0006777091565753007
6903898067490163969,23200,51,2104,194200,194867.269762868,0.0007728499081926004
6882831253519731970,22500,1396,262,196100,196897.49008561345,0.0007809211924302608
6883841665841270017,243400,2386,739,3100000,3105571.450992856,0.012344559892202893
6902406836176162049,3139,49,135,23400,23486.83755609246,9.151489956485662e-05
6907344809195736326,15700,231,465,64100,64512.94024850981,0.0002546170674843268
6900916467936529666,34900,53,6423,194600,195880.54205826574,0.0007768782437454837
6881040494332366086,76100,1097,2325,558400,560402.6038153548,0.0022260614374989777
6879086409496497410,4194,29,73,215600,215698.48195053986,0.0008556658630414565
6899557108593773829,46500,243,902,270600,271682.16631627013,0.00107823295298972
6885654253826870530,5534,54,38,58400,58528.453270654456,0.00023082531696656553
6884400510699343109,106700,1901,973,1400000,1402691.8479261568,0.005574641797658675
6878791400289225985,2397,7,37,211800,211853.7124299428,0.0008403807103507042
6895317957522541825,22200,2541,1006,420000,421114.6043414386,0.0016723121611008417
6878138606205029634,98100,3214,153,3400000,3402742.0857942766,0.01352598273271743
6893521307023969538,8161,420,131,66100,66372.85637700299,0.0002620112953733359
6901356285833252098,2308,74,97,31000,31072.235925025692,0.00012167118635089071
6876245387871587590,23200,3008,102,462600,463762.2917620127,0.0018418610535997915
6881741305345592577,9136,134,43,179900,180120.49096516214,0.0007142230478796111
6901026135119760642,21800,457,80,267300,267855.194482498,0.0010630185562595536
6900050539141270785,148800,1021,2044,1500000,1503445.0010134433,0.005975193071477232
6876007447883042050,2914,165,19,23300,23398.41999188974,9.116338929560825e-05
6877251331145370881,575,1,8,32800,32812.65535974398,0.0001285903466966819
6892582021672013061,4823,74,39,122000,122118.5480633298,0.0004836322286210548
6895851157751680258,9030,63,239,79200,79419.25159978113,0.00031387816072788057
6892685850996509953,1671,6,62,9615,9655.832605393412,3.652876283925241e-05
6890871255134752006,8302,119,84,78700,78903.62774459827,0.0003118282616857553
6878751105589824770,580,256,0,85600,85669.70366825248,0.00033872727424196625
6882153629034269957,3055,8,54,88300,88368.84129761848,0.0003494578864612931
6890336478094773505,79900,2305,1941,301200,303519.9651335565,0.0012048063701094289
6877747486451043590,32200,215,2186,123900,124795.14306925757,0.0004942732210492714
6904798749290286341,1504,4,65,24800,24837.231616795725,9.688348649834049e-05
6891064220658502913,1744,194,290,191400,191504.56110216022,0.0007594812224864538
6900396011722689793,7064,103,102,70600,70776.30057956898,0.0002795174987077238
6888849748615367937,1770,38,29,25400,25447.228808585925,9.930857340341858e-05
6891284879233879298,572,39,38,5127,5150.781339789702,1.8618613451747357e-05
6891256269898878209,515,0,18,10300,10312.070596830581,3.913768330817873e-05
6902555378651794690,102000,6645,644,1100000,1103639.7360845539,0.0043857390123283905
6907297390638714118,15700,125,142,90000,90361.01009389419,0.0003573778941688287
6898394169249762562,3402,14,26,38100,38174.855588744074,0.0001499081523075434
6906519148025629953,46900,812,489,488800,489983.180981098,0.0019461040500275148
6900563923892800769,20200,543,333,87700,88263.88398106977,0.0003490406212387969
6906932916631129346,657,42,11,43600,43623.8563319418,0.00017157103949118552
6893741937132604673,2704,25,48,35000,35064.9999208558,0.00013754470152714605
6899108523091823874,1269,29,10,259400,259433.32305751933,0.0010295368117796682
6876417380151479553,229800,10900,5260,2400000,2407609.820014699,0.009569764148365715
6901063021955681541,5612,991,148,139900,140251.36601867978,0.0005557205266780207
6884947969469156609,89100,124,678,2100000,2101905.396603763,0.008354414628702206
6896571117419416834,2471,7,10,157200,157252.88479053843,0.0006233112649551478
6882079709484649729,51000,3902,522,1800000,1801968.1746708392,0.007161993025710292
6904651986059218178,2163,51,22,35100,35157.582781341625,0.00013791277122586045
6902724999757532418,161200,55500,0,3600000,3615835.2812877335,0.01437314977693911
6882854042016419074,6931,51,134,51100,51264.60308564805,0.00020194736768878145
6892512401351085313,171700,11600,3770,2000000,2006453.1144617884,0.007974937341597026
6882734270910188802,2125,573,38,36900,37076.18313709386,0.00014554030240376326
6884777374508911874,24000,481,134,188500,189110.20059308724,0.0007499622732277726
6905063271129287938,13500,328,115,189700,190059.65209367184,0.0007537368847047814
6908391851418471682,21200,239,301,226000,226512.80957629075,0.000898658986067919
6899411373265063170,2287,22,63,28700,28757.109193426844,0.00011246723656889302
6907540932682321153,30000,4415,780,395100,396777.83295523934,0.001575559608146713
6884114945026411778,39000,976,200,1300000,1301033.974513571,0.0051704937443087205
6908143157616151813,5023,21,75,79600,79713.76791524854,0.0003150490311344734
6890903823381056769,37000,1008,67,530900,531888.867605385,0.0021127030659715373
6899852150793358594,15000,527,50,249400,249829.6215210569,0.0009913566182479518
6891455289002839301,25100,148,319,184200,184773.40356726423,0.0007327210304501793
6884574278134582529,6972,866,64,86200,86543.59707425164,0.00034220149917913866
6878715680728911106,3412,56,128,35500,35593.38594787053,0.00013964533748446757
6903178284012522754,73300,313,583,1200000,1201617.39046964,0.00477525609509106
6906503615284808961,4262,14,354,30100,30220.812783394198,0.0001182862935362347
6900196713852701954,7187,70,160,72100,72276.37456545702,0.0002854811487519957
6881844264750353665,86200,3311,1083,434600,437201.6494709817,0.001736267344846135
6876827705950752005,127000,5722,1887,3900000,3904049.0290532424,0.01551896388063749
6901719665584672005,13000,21,865,248000,248345.00029863376,0.0009854544017558837
6886117069851479297,2187,6,27,34900,34948.33404230363,0.00013708088808971696
6879192624402582790,311800,21300,1344,2200000,2211295.21441722,0.00878930157293511
6896980233421933829,4310,190,200,54500,54648.23901883442,0.0002153992512442457
6879699550303538434,1411,24,27,18700,18736.563427131452,7.262984937000806e-05
6881636686606912770,1257,5,4,19300,19327.133697870548,7.49777031788013e-05
6893922308096937222,8501,46,60,79600,79789.11073677278,0.0003153485618410556
6897011186349411586,2031,30,84,56300,56355.51066556923,0.00022218663021849464
6906504850712907009,2489,22,29,11000,11058.288044292733,4.210432345757087e-05
6905464131097332997,1443,4,52,34500,34534.86077707155,0.00013543709593032773
6904391764824608005,13500,516,168,76600,77006.73631279542,0.0003042870358677812
6903934953705245954,3067,97,78,26600,26691.281678045023,0.00010425439342284535
6907491921220947205,5715,70,114,54800,54942.34557314377,0.00021656849261642328
6899884609530612993,7436,57,68,62900,63070.55174299943,0.0002488827501402046
6883622094190497025,5559,8,41,62700,62818.82571629178,0.0002478819955478031
6891424030172253442,28000,643,378,254300,255049.5932958801,0.0010121089845971313
6879452591953153282,48700,179,970,154600,155718.49365472075,0.0006172111846583533
6891434870057340162,4141,132,140,42000,42126.48369904716,0.00016561812886646904
6876862444988402945,6015,105,64,49600,49752.05044852935,0.00019593410788548143
6885246252078910722,11900,87,52,3400000,3400267.0637927293,0.013516143108000278
6879769716567657730,83700,1890,1501,1200000,1202265.6217030897,0.004777833184128287
6890571273110392065,5000000,110900,12200,68700000,68828180.82276797,0.27362943382301963
6906940104053476609,14900,50,33,53500,53818.2893867111,0.00021209972788278588
6889412974012943618,15400,5230,372,818700,820228.7141954671,0.0032590184844502696
6896965832933477638,67400,2619,1687,349800,351913.8023479118,0.0013971994868229533
6907668397484559617,2445,120,183,32600,32692.877143289337,0.00012811415994017357
6899729878560656641,8243,223,315,30500,30745.934752434026,0.0001203739530006168
6900566632859585793,74300,610,1440,622700,624479.1468809296,0.00248080225860827
6901723835310116101,5021,29,549,62000,62156.58173020799,0.00024524919782310323
6885293067562192130,12300,173,207,169000,169308.0897276951,0.0006712375833457844
6906649897869659394,16700,6108,724,218500,220284.18975217539,0.0008738966681827457
6904422505843363077,28100,206,488,178400,179062.38250936367,0.0007100164630053781
6889521523833474305,50900,1968,300,914000,915509.7569005606,0.003637814997083692
6892711484695121153,12800,287,520,172200,172571.1679117328,0.0006842101810574761
6904148139716955394,40900,450,417,309300,310272.6528505079,0.0012316521569046125
6897699752469695745,7407,28,41,78100,78261.0667032385,0.00030927371489752865
6899489414460837121,2266,12,25,41800,41851.12956423234,0.00016452343906201466
6907971568165604610,3900000,164700,61200,29900000,30022132.16629387,0.11935324747131942
6905755896115236098,4739,13,56,116600,116704.51747481439,0.0004621083677564352
6896497936558001410,35600,1247,419,360800,361844.7957683443,0.001436680852347978
6878796954650889473,43400,539,702,152400,153468.47828490371,0.000608266089692335
6878590867968380162,33000,80,156,327900,328605.1681796019,0.0013045343659706177
6882735576160783617,48300,559,1252,747400,748620.6425123308,0.0029743355395550185
6879809686552530178,12000,269,942,170500,170887.31352906188,0.0006775158990698992
6904066579655396610,2698,134,185,48600,48701.37891562485,0.00019175708902330056
6905139893425474818,3373,27,121,38500,38585.42870775012,0.000151540414730845
6888341759622008066,1090,7,50,10100,10128.160465188306,3.84065355947803e-05
6883948403730992386,9950,2014,52,133100,133762.83168941629,0.0005299249003262547
6876130849683770625,2992,0,27,61300,61363.409012599936,0.00024209588368194886
6902103334392450306,2232,19,27,47900,47952.1910152969,0.00018877863962881033
6893536744218627330,8284,201,247,53400,53635.91033557008,0.0002113746670880228
6892096873453145350,5814,35,390,53600,53760.3554739689,0.00021186940752223024
6881250870374321414,10000,18,112,81900,82117.88142108436,0.00032460675412039993
6899109657395219717,11300,152,231,60700,60985.00987478949,0.00024059153119254827
6900701600440978694,2428,78,33,65200,65270.04731141534,0.00025762700006878007
6883458545451388161,893,1,18,35900,35920.012143955035,0.0001409438629885857
6882920923314326785,3854,46,91,41600,41696.943395701805,0.00016391046106264026
6892201986381335810,3260,66,31,36600,36684.143986160234,0.00014398172307913243
6901795238021696769,179600,5317,6389,1100000,1105420.9785047097,0.004392820467335113
6902294648451075330,168,8,14,6046,6052.449738820288,2.220325983478163e-05
6879223075980741889,2746,8,58,24900,24962.88055566432,9.738301272631037e-05
6907211930755271942,5715,53,73,66800,66934.95254891111,0.0002642459483918005
6895756274844077314,8831,117,238,103300,103527.30904361939,0.000409721445255706
6877981740690935041,13,10,0,465,467.52570189436744,0.0
6888674709433535745,570,0,3,3637,3648.8942889223586,1.2647755439637955e-05
6892822437671570690,426100,6805,5574,1500000,1510718.1554096164,0.006004108010303437
6903924035164376321,36100,383,1108,762500,763419.3713474134,0.003033168930909554
6904966483730894082,2462,5,18,65700,65752.94178263948,0.00025954678113410514
6905408660185320706,11500,533,709,75900,76316.60436617171,0.00030154336758691347
6880924024227040513,36700,489,7568,547700,549214.986067508,0.0021815842732358123
6901216792186785025,116200,3338,4367,1600000,1603504.4748601096,0.00637298657449718
6897030279106530561,12600,632,133,99500,99911.55529953324,0.00039534676095423103
6904236597529595138,262,22,13,40300,40311.44631042111,0.00015840231957648456
6888809548895849734,10200,55,297,95200,95446.3472125861,0.0003775950109366201
6898373135121321218,3307,25,78,47200,47279.905869708266,0.00018610592256553858
6902725442260749570,4193,12,13,127200,127289.42319687748,0.000504189407806354
6901833660224326914,700,8,68,35800,35821.98477424121,0.00014055414825902345
6896943341666127105,76600,2596,3254,974900,977332.0839160677,0.003883594023126039
6882388794671107330,10900,5,163,76500,76737.72960745699,0.00030321758071737327
6897420741642390789,2111,44,37,97100,97156.23807594586,0.0003843928027914924
6904692946486971649,1475,27,0,142600,142636.2097797411,0.0005652016414330476
6889402787612937473,1870,9,60,36000,36045.39939005418,0.00014144234883847374
6897699853720161542,19000,152,801,194900,195391.53724770396,0.0007749341705946988
6878973704689175809,2031,208,59,110300,110393.580067624,0.0004370187905076784
6891751258835750146,34500,32,77,662900,663618.0945333181,0.002636401908422706
6875528457388903681,890,1,2,32000,32018.565378768002,0.00012543338591024456
6904182931909004545,4221,78,77,37500,37610.455173935,0.00014766433860873398
6895048600355704070,27400,156,475,75300,75935.66701267443,0.00030002892424183805
6894591131565247745,5124,953,69,75800,76125.97484931827,0.00030078550648318295
6903190549960920321,7418,464,108,80800,81065.64455686611,0.0003204235121730604
6904823810994818310,13400,781,70,123400,123856.10816551032,0.0004905400214884577
6891318229881343234,20300,161,474,140300,140791.78960563536,0.0005578690188048044
6875691073499352321,7326,48,141,127900,128072.59365504327,0.0005073029572588817
6905110082913045762,7207,262,119,54800,55016.63115972947,0.00021686382021086076
6879055195330858245,6858,48,169,78500,78665.46579586068,0.0003108814320430214
6879703604249332993,2018,5,2,25100,25142.4935870613,9.809707701428501e-05
6880839179677256962,5134,21,12,70600,70710.57805322009,0.00027925621416385627
6887869748458130690,149,62,42,3378,3398.69251075656,1.1653060604934814e-05
6887581168858893569,1593,4,54,13000,13038.095679459786,4.99751884963538e-05
6890298155766697221,9588,77,75,136100,136319.60396740597,0.0005400895290394177
6891240671357816065,11900,15,21,134900,135148.1047805165,0.0005354321513077307
6900235731059494145,1086,13,7,27900,27925.71141725192,0.00010916195600850922
6877869447999245569,23200,514,124,332900,333500.4646777074,0.0013239959628333674
6877774951361875201,9254,2,22,64700,64891.24433416698,0.0002561210420871808
6878710443926473986,13800,14,142,155000,155297.13849597843,0.0006155360574748095
6889437057261866242,738,48,19,37700,37727.558633538254,0.00014812989168052726
6896548159820926209,1861,2,4,19800,19838.784081485403,7.701180540415928e-05
6888059613158362369,6682,11,34,56100,56241.81966239263,0.00022173464360816347
6883165648290139394,1194,1,8,7090,7115.290020542434,2.6428656417066842e-05
6894039333100129537,3576,26,40,32800,32882.33193744754,0.0001288673508508874
6895491816532069637,6239,53,89,106200,106347.03365703189,0.00042093145954420606
6897270609915661569,1882,26,24,70800,70846.36948339106,0.00027979606258211377
6899964626478320902,11800,58,476,87400,87695.18419720995,0.00034677971509476744
6886904360207469825,12600,40,158,47200,47479.90725818206,0.00018690104220660088
6895388317680946433,208,7,3,49000,49006.08760719137,0.00019296847994071254
6904040351607147781,84500,2179,988,694100,696402.8514611154,0.002766740024371139
6907193077371309313,3066,60,171,47400,47490.95135703919,0.00018694494880138078
6890591494126718210,1620,0,25,71300,71335.23137112333,0.00028173956753309895
6898859679217143046,71000,724,256,675400,677035.0279781228,0.002689741874640929
6879407225769692418,5479,131,95,79000,79149.67132011791,0.00031280642529224695
6878676626108992769,21800,367,170,159000,159542.64491172988,0.0006324143679864503
6898452394418523398,37100,459,533,723100,724007.1689224879,0.0028764829374536257
6893869437884091649,46100,31,199,321400,322365.20549025707,0.0012797269537238565
6904396013923060994,20500,317,256,190200,190712.2555438274,0.0007563313557982244
6902459846260559106,2029,8,27,26900,26945.561110753213,0.00010526529926108633
6890655206644747522,28400,144,117,690100,690722.3647397502,0.002744156848337124
6907670356887211265,8042,785,208,289800,290159.59819399903,0.0011516912880267188
6877796349459336450,1091,122,15,9247,9298.144094076684,3.5106746907760364e-05
6892072950648802561,22,0,2,484,484.6222423200538,6.796850357096392e-08
6895710777043455234,4045,377,224,84100,84287.17690492285,0.00033323094148044786
6889105902234864901,7226,16,96,74700,74859.42257698138,0.00029575023849903536
6901387960424484097,102800,6206,745,889700,893265.5818508952,0.0035493817086141256
6907974329305156866,31100,1313,880,294700,295707.783382601,0.0011737484899760262
6907792796111981829,10400,364,126,54000,54305.466558167536,0.00021403653512526633
6877473712652799234,1283,36,116,59400,59444.370207392894,0.00023446660941728155
6905378711986801922,3719,40,80,45500,45591.87909108283,0.00017939505292325071
6899418795987717377,3090,20,89,36300,36375.29897017294,0.0001427538879119387
6905031739127713026,3386,1,36,60300,60372.456503401685,0.00023815628201499973
6906126061696863489,6729,44,29,68100,68249.80518698475,0.00026947323789020276
6883270499741273349,12600,61,215,53900,54189.58995482388,0.00021357585950715582
6892131074093223170,581,8,8,19900,19914.36007570901,7.731226310527107e-05
6900178346919857410,7320,118,424,29000,29212.800240819168,0.00011427886850206514
6901155395100806401,23900,887,171,105700,106403.13384918089,0.00042115448981907275
6887605177591942405,5574,268,538,117200,117420.93913680721,0.00046495655265694965
6904335595301080325,28500,1642,363,346100,347084.30938924884,0.0013779994965773448
6895349449107754245,9570,31,83,71500,71709.53170097874,0.00028322762492207615
6903703219923340550,14600,82,92,114400,114724.50824165579,0.00045423670125060295
6896550572653120770,837,1,13,49600,49618.436126748114,0.00019540291471534303
6880239600590212353,2129,24,80,11900,11955.808388528532,4.567247895589326e-05
6878719985535962369,1319,7,14,25800,25829.71723266649,0.00010082918313911186
6884399255302245633,1428,66,22,24800,24845.970927765677,9.691823024614437e-05
6875739742340762885,9469,147,304,209700,209952.82789720286,0.0008328236096780201
6897328348192656641,1493,9,38,46100,46135.799184617936,0.0001815574456588135
6908401262065143045,646,1,27,34500,34515.74988764848,0.00013536111924009368
6891776298784509185,14600,260,232,97000,97376.86593180451,0.0003852699244099839
6882043160806116609,11700,830,157,73700,74140.01833128154,0.000292890196126407
6889712383049108737,93,2,2,5377,5379.523522922859,1.9527994151234223e-05
6876857501397159170,587,3,19,52100,52114.304919886206,0.00020532541732436158
6891701560221404417,3142,11,160,36900,36980.47433874472,0.00014515980531836506
6903574645899939074,14400,29,77,208900,209207.14715090516,0.0008298591032220012
6907365817118166278,9021,63,100,78000,78207.031096847,0.00030905889252911184
6898194233778261250,3919,38,66,46700,46794.29696212228,0.00018417535006680306
6895357815066529026,161500,2900,1640,1500000,1504093.9616652778,0.005977773060368748
6907943881829059841,4000000,13400,18600,37900000,37986285.180711634,0.1510153000926132
6891693185693797634,3860,669,68,71500,71735.89419304373,0.0002833324308706157
6896474585798053121,102700,220,227,7400000,7402165.636476504,0.029425973439488128
6902476909045615877,37200,2227,1280,262600,263973.52755774825,0.0010475867153334352
6891747931905330433,1885,44,42,39200,39252.05807644008,0.00015419064685372747
6901995461238934785,16400,76,286,212500,212876.69212467188,0.0008444476383550245
6896895803676200198,3257,96,13,65300,65389.305090420945,0.00025810111778946406
6889807558618418433,190100,13200,2361,1600000,1607068.3276028263,0.006387154922703218
6906077607750618369,1371,148,89,44000,44069.14428807284,0.00017334131320053366
6903157559578987777,5320,23,50,47400,47518.11728164878,0.0001870529488527281
6885726005357530370,1515,416,17,106800,106926.42611794543,0.0004232348751808237
6894050180300131585,2157,27,24,35100,35152.2086556169,0.00013789140600959933
6906514521582570753,17000,225,78,189100,189504.60633490683,0.0007515302611015647
6902941615376157954,30600,1500,248,360000,360985.1178184614,0.0014332631419602842
6880928709956635909,9881,77,203,86600,86836.66875732678,0.0003433666263476571
6897535476454952194,6667,3,35,60900,61039.79180409135,0.0002408093206203897
6896176955624918274,4208,142,244,101800,101939.11756819124,0.00040340747791019384
6906416223785864450,7961,432,77,109800,110066.81035296131,0.00043571969443531957
6898022622110436609,3440,26,7,47100,47176.69832850631,0.000185695613698477
6886298413885918465,3205,41,60,45000,45079.88174964883,0.00017735957134258558
6891713222534089985,13800,2114,284,252600,253384.10934060832,0.0010054877355407318
6892701445603298561,29900,1811,278,441300,442343.72470142867,0.0017567100279832276
6893875244742741253,14100,733,182,147500,147969.24516971523,0.0005864035001671653
6884646106970590470,30200,20,79,139400,140027.78625119614,0.0005548316695264432
6891641815447932166,45900,1799,713,170700,172105.26390878024,0.000682357946798384
6883011295763860738,4053,78,60,32000,32105.553930943417,0.00012577921504128235
6907187437986958593,73000,5894,1715,611900,614870.7967111146,0.002442603584106442
6891908639829937410,4218,39,90,47400,47502.70430456094,0.00018699167347407546
6886033905531538689,31100,305,833,163100,163875.86974188208,0.0006496414092479379
6882438480786459906,1373,10,10,76800,76831.15117197293,0.00030358898474317647
6896172646669552897,4024,20,108,25200,25296.008542130858,9.870738655715399e-05
6881297980456996097,1125,35,16,9725,9757.259601218831,3.693199302245337e-05
6898451979207478533,4854,13,35,50000,50105.046277200614,0.00019733746772578756
6896784100976315650,7270,28,221,26800,26973.857563884478,0.00010537779380839302
6880259329434324226,126300,94,221,513000,515618.345647023,0.0020480184571388138
6877149710428245249,826,0,5,16400,16417.29280042955,6.340942524044667e-05
6885791166248340737,617,2,36,33600,33616.16335338117,0.00013178474945741675
6880134891753852162,640,20,15,27500,27518.882942834545,0.00010754458068416216
6899128133430037765,6289,51,318,61100,61267.43256861048,0.00024171432255241034
6879476802050460934,309900,4888,2003,1500000,1507603.8069625392,0.005991726698162159
6901276629268581633,15500,370,214,494800,495218.5413652395,0.0019669175948795587
6904743507693554950,35400,2315,1152,224900,226245.59388954053,0.0008975966512383641
6884287238138645761,513,6,11,65800,65812.77981638281,0.00025978467146214206
6905490815309729025,11000,112,117,94200,94459.9731301923,0.00037367361112869386
6887458979954347266,19000,2245,42,173900,174798.90313224806,0.0006930666997168454
6884868479267147010,3832,13,70,46000,46087.21666845837,0.00018136430243563154
6899737900120935681,1698,44,5,44500,44545.03710301126,0.00017523325868693982
6891908752539274497,74700,533,5659,254800,256935.25391765285,0.0010196055615368745
6899141975178480898,4386,94,68,114000,114116.6602606553,0.00045182015868476533
6908342087528254722,9588,105,119,104400,104629.74316766171,0.0004141042499536755
6894316591450705154,12100,76,119,78800,79074.46159604174,0.000312507423723967
6903974884154608897,1089,10,6,32300,32325.007949704996,0.00012665166998751515
6877606750900538626,67300,387,424,1700000,1701497.8799316485,0.0067625662752259265
6899346784921849090,219100,3468,2352,2100000,2105459.7029088074,0.008368545024371246
6886527878100438273,19000,17,146,84200,84604.3023000717,0.00033449169587963806
6908311912941931777,32500,900,730,198300,199230.01739534823,0.0007901943194392133
6904610600870038786,9303,9,861,49600,49866.48052068924,0.00019638903271673792
6905326071026109697,798,6,16,35900,35919.03004574295,0.00014093995858780207
6882738915724233985,1246,94,65,46000,46052.30865630154,0.00018122552316860674
6883331225197563141,56800,186,595,379400,380652.9349151527,0.0015114539374829325
6878961920859262210,19600,26,150,149500,149918.92984512853,0.0005941546092526025
6908460695461891329,1106,70,80,22500,22545.32514597838,8.777185050255624e-05
6875373441432816898,9387,71,161,64800,65021.59229142489,0.00025663924959453365
6908353046783347969,54200,97,351,659700,660858.6187631808,0.002625431417664542
6880527115037478145,12400,127,313,62100,62408.91238443917,0.00024625235615491456
6881793753036721414,4947,19,110,68200,68314.79542660144,0.00026973161117646295
6887596160656215298,7993,289,358,50100,50359.4738490122,0.0001983489625014935
6880493048011263233,5624,15,250,166500,166639.83320350933,0.0006606297411404754
6905961818062114054,20400,476,256,70900,71446.15402548762,0.0002821805483772662
6902436491536944386,5812,4,86,43500,43626.98246660912,0.00017158346766027756
6903188918078852354,5611,20,184,63800,63934.98271678666,0.00025231935651001935
6893906975730584833,112800,439,751,734700,737166.6695681424,0.0029287994614026727
6898062975186242817,4736,17,392,45200,45334.4565323369,0.00017837165136552492
6885276983870196994,104700,2421,709,1900000,1902745.702239163,0.007562641201999183
6879902533876337925,15100,60,99,139100,139430.34733691142,0.0005524565089402708
6906243777036389637,12600,12,33,64300,64562.75380740749,0.00025481510480483243
6893596137022934274,2584,31,150,51000,51072.739524118224,0.0002011846005533097
6904612666099305729,33400,594,173,143700,144530.98704432536,0.0005727344622299725
6877219156186500354,156800,41,216,584700,587928.4807013536,0.002335492504535736
6893910918913117441,11400,45,294,68100,68368.32076006282,0.0002699444049188181
6876156631651077381,157700,386,1314,821200,824619.9152294605,0.0032764760142035628
6897625010668637441,17800,123,281,103000,103415.4587776896,0.0004092767766262656
6880694458552175874,2315,147,31,35700,35783.164070960804,0.00014039981381217963
6886291383246671109,23000,206,103,136600,137124.94499588636,0.0005432912191595939
6879837374927490306,4945,22,14,60800,60907.119524069625,0.00024028187260377948
6889517297606708482,3573,7,91,25500,25582.392411331733,9.98459258494193e-05
6879022410528541953,11100,20,491,143000,143273.60580403983,0.0005677356543312698
6888483056588508417,2021,78,89,25500,25566.58922723821,9.978309917526485e-05
6905790048197758210,249800,60800,11100,4600000,4619802.931448096,0.018364494055722783
6878330292701121794,426700,16100,4368,5500000,5512726.966534029,0.021914376602495476
6891645928797703425,74300,844,1613,684200,686047.0202088918,0.002725569686049969
6898057246270328070,5207,152,455,84100,84280.04060679646,0.00033320257062338497
6906884442728516865,4328,3,49,34500,34593.2618632226,0.00013566927357175522
6899619652402449670,47300,486,528,1100000,1101121.0352479804,0.004375725739318628
6889162600534330625,37900,4128,268,805900,807629.8739293907,0.0032089309054259044
6883133559482191105,2233,17,16,39700,39750.80680344284,0.00015617345763229703
6886618708731546886,12800,18,285,105100,105390.01441365303,0.00041712676197139487
6876422232772578561,18900,67,77,189800,190207.58782513055,0.000754325013650262
6883928153727831297,2444,8,18,45900,45953.25248339924,0.00018083171835932963
6894081763379924229,31000000,220100,625700,250800000,251536686.9135001,1.0
6897931927257484545,271500,2119,8129,2800000,2806724.602197401,0.011156473144605257
6881337151901027586,971,9,11,79000,79022.80634677112,0.00031230206463335035
6899706911059397893,82200,10500,511,1500000,1504095.4393192842,0.005977778934886581
6904264506998951169,9280,35,53,144100,144301.91866389173,0.0005718237847100862
6886331836444790018,3603,38,68,86800,86888.02014894981,0.00034357077743074176
6897643701426752770,20500,657,527,100800,101412.57499718621,0.00040131417074239684
6886192005270064386,9490,758,134,383600,383976.6428755627,0.0015246675731513837
6903867852672077057,3080,27,32,39900,39971.74114956063,0.00015705179772445356
6889539392105352450,1846,30,53,24900,24949.050089066477,9.732802872984457e-05
6902048470417378561,36500,728,994,312600,313595.6462014026,0.0012448629515924806
6890518277752163585,2932,439,91,40800,40966.9559753716,0.0001610083445320393
6880446332352367873,150700,847,1133,1100000,1103365.563864167,0.004384649021308194
6907950986871000322,12700,1222,602,181200,181787.57067943786,0.0007208506409886002
6897185128322174209,1620,18,94,89200,89245.27510990831,0.0003529422109630406
6898415159249816833,937,6,12,27200,27221.52084854406,0.00010636239668293076
6884946806833188097,19800,65,271,213400,213842.30558348476,0.0008482865028380919
6896449137420619009,3542,41,39,51800,51884.941884340806,0.0002044135683822743
6905409625726766341,9403,65,1049,112100,112397.45963042072,0.000444985355194362
6888486575005617409,499,1,12,15300,15311.450475570171,5.901307099949149e-05
6879439037619342598,22500,168,354,99900,100427.88546583135,0.0003973994679860644
6877411003160694017,1759,1,7,27800,27836.735869689208,0.00010880822743701656
6888826582786395394,4053,56,88,67000,67103.0058322015,0.0002649140560849964
6891183356097187074,5508,81,135,51700,51842.42531030035,0.00020424454074027533
6884981166659751169,586,4,8,8766,8779.557991300448,3.3045071241176843e-05
6904238654751870209,28000,4533,668,2500000,2501653.98359746,0.00994364336071792
6887562050265025794,12300,362,141,162900,163245.09509561455,0.000647133720105584
6881428016275197186,5325,91,58,45900,46034.28250868815,0.00018115385894602575
6886464165549001986,3324,28,115,49100,49184.13501006589,0.00019367631996195422
6886763008966577410,1794,8,15,74500,74539.72528193428,0.00029447925933020954
6888722307603336453,6101,20,184,73300,73444.98430611017,0.00029012703928615966
6879222014880664833,1100,14,63,30100,30131.072570690896,0.00011792952498448612
6885565252151315718,7207,2,59,71400,71552.66622484337,0.00028260399514614505
6884352491505388801,9288,183,93,52400,52638.99901593436,0.0002074113757494551
6885540773987667205,13600,100,148,127500,127813.01482974767,0.0005062709833112436
6875405441472498949,9630,58,65,118700,118915.3006177849,0.00047089749223461663
6892107260181499137,12900,128,75,85500,85798.73435006167,0.0003392402448277659
6890302116246637825,205500,60,143,893900,898120.4893984845,0.003568682736352419
6905298511470890241,1287,2,55,33700,33731.48431394847,0.00013224321607843847
6902823504383659266,651,11,42,81600,81619.41123356986,0.00032262505069523235
6887443398446550273,3716,32,47,124400,124487.15191635875,0.0004930487804750732
6899104646543969537,2164,7,75,42300,42352.247208208304,0.0001665156676372696
6906137577003175169,2098,28,70,36700,36755.21381950656,0.00014426426621951717
6882395409973660930,499600,58000,6459,9200000,9223866.91127664,0.036668275479464274
6899113568092949761,214700,1703,2694,1200000,1205000.5560318832,0.00478870610865363
6883180152164011265,25100,748,657,433100,433838.29412530706,0.0017228960881982434
6886223121397894405,5500,112,106,119600,119746.75784034817,0.00047420300912831456
6879000638458449153,218,1,18,3313,3319.234444376756,1.1337169451870684e-05
6877191692341054721,13300,152,111,129300,129615.44120610463,0.0005134366566315464
6908069845825359109,12200,223,321,80700,81027.22226318544,0.00032027076163171017
6883484287434378497,26600,3392,668,449300,450667.50128149806,0.0017898017894811473
6898721943978036481,10000,111,274,72200,72452.93121065963,0.00028618306216085716
6899116261746281730,58900,235,874,309000,310331.03479829826,0.001231884258460136
